Country_Key,Fact,Fact_Type,Source
AFG,7.49,broadbandSpeed,https://worldpopulationreview.com/country-rankings/internet-speeds-by-country
ALB,29.04,broadbandSpeed,https://worldpopulationreview.com/country-rankings/internet-speeds-by-country
DZA,4.18,broadbandSpeed,https://worldpopulationreview.com/country-rankings/internet-speeds-by-country
AND,115.88,broadbandSpeed,https://worldpopulationreview.com/country-rankings/internet-speeds-by-country
AGO,12.93,broadbandSpeed,https://worldpopulationreview.com/country-rankings/internet-speeds-by-country
ATG,14.73,broadbandSpeed,https://worldpopulationreview.com/country-rankings/internet-speeds-by-country
ARG,30.21,broadbandSpeed,https://worldpopulationreview.com/country-rankings/internet-speeds-by-country
ARM,24.05,broadbandSpeed,https://worldpopulationreview.com/country-rankings/internet-speeds-by-country
AUS,40.37,broadbandSpeed,https://worldpopulationreview.com/country-rankings/internet-speeds-by-country
AUT,41.87,broadbandSpeed,https://worldpopulationreview.com/country-rankings/internet-speeds-by-country
AZE,17.2,broadbandSpeed,https://worldpopulationreview.com/country-rankings/internet-speeds-by-country
BHS,28.32,broadbandSpeed,https://worldpopulationreview.com/country-rankings/internet-speeds-by-country
BHR,43.05,broadbandSpeed,https://worldpopulationreview.com/country-rankings/internet-speeds-by-country
BGD,22.13,broadbandSpeed,https://worldpopulationreview.com/country-rankings/internet-speeds-by-country
BRB,80.74,broadbandSpeed,https://worldpopulationreview.com/country-rankings/internet-speeds-by-country
BLR,47.9,broadbandSpeed,https://worldpopulationreview.com/country-rankings/internet-speeds-by-country
BEL,70,broadbandSpeed,https://worldpopulationreview.com/country-rankings/internet-speeds-by-country
BLZ,23.63,broadbandSpeed,https://worldpopulationreview.com/country-rankings/internet-speeds-by-country
BEN,8.93,broadbandSpeed,https://worldpopulationreview.com/country-rankings/internet-speeds-by-country
BTN,20.98,broadbandSpeed,https://worldpopulationreview.com/country-rankings/internet-speeds-by-country
BOL,12.23,broadbandSpeed,https://worldpopulationreview.com/country-rankings/internet-speeds-by-country
BIH,25.14,broadbandSpeed,https://worldpopulationreview.com/country-rankings/internet-speeds-by-country
BWA,9.07,broadbandSpeed,https://worldpopulationreview.com/country-rankings/internet-speeds-by-country
BRA,40.5,broadbandSpeed,https://worldpopulationreview.com/country-rankings/internet-speeds-by-country
BRN,20.97,broadbandSpeed,https://worldpopulationreview.com/country-rankings/internet-speeds-by-country
BFA,9.41,broadbandSpeed,https://worldpopulationreview.com/country-rankings/internet-speeds-by-country
BDI,7.78,broadbandSpeed,https://worldpopulationreview.com/country-rankings/internet-speeds-by-country
KHM,18.51,broadbandSpeed,https://worldpopulationreview.com/country-rankings/internet-speeds-by-country
CMR,8.56,broadbandSpeed,https://worldpopulationreview.com/country-rankings/internet-speeds-by-country
CAN,113.87,broadbandSpeed,https://worldpopulationreview.com/country-rankings/internet-speeds-by-country
CPV,27.53,broadbandSpeed,https://worldpopulationreview.com/country-rankings/internet-speeds-by-country
CHL,72.34,broadbandSpeed,https://worldpopulationreview.com/country-rankings/internet-speeds-by-country
CHN,89.43,broadbandSpeed,https://worldpopulationreview.com/country-rankings/internet-speeds-by-country
COL,21.99,broadbandSpeed,https://worldpopulationreview.com/country-rankings/internet-speeds-by-country
CRI,22.8,broadbandSpeed,https://worldpopulationreview.com/country-rankings/internet-speeds-by-country
HRV,28.97,broadbandSpeed,https://worldpopulationreview.com/country-rankings/internet-speeds-by-country
CUB,7.68,broadbandSpeed,https://worldpopulationreview.com/country-rankings/internet-speeds-by-country
CYP,25.34,broadbandSpeed,https://worldpopulationreview.com/country-rankings/internet-speeds-by-country
CZE,51.04,broadbandSpeed,https://worldpopulationreview.com/country-rankings/internet-speeds-by-country
DNK,96.59,broadbandSpeed,https://worldpopulationreview.com/country-rankings/internet-speeds-by-country
DJI,9,broadbandSpeed,https://worldpopulationreview.com/country-rankings/internet-speeds-by-country
DMA,27.37,broadbandSpeed,https://worldpopulationreview.com/country-rankings/internet-speeds-by-country
DOM,24.76,broadbandSpeed,https://worldpopulationreview.com/country-rankings/internet-speeds-by-country
COD,7.41,broadbandSpeed,https://worldpopulationreview.com/country-rankings/internet-speeds-by-country
ECU,18.18,broadbandSpeed,https://worldpopulationreview.com/country-rankings/internet-speeds-by-country
EGY,9.1,broadbandSpeed,https://worldpopulationreview.com/country-rankings/internet-speeds-by-country
SLV,11.2,broadbandSpeed,https://worldpopulationreview.com/country-rankings/internet-speeds-by-country
EST,55.24,broadbandSpeed,https://worldpopulationreview.com/country-rankings/internet-speeds-by-country
ETH,14.13,broadbandSpeed,https://worldpopulationreview.com/country-rankings/internet-speeds-by-country
FJI,17.51,broadbandSpeed,https://worldpopulationreview.com/country-rankings/internet-speeds-by-country
FIN,63.77,broadbandSpeed,https://worldpopulationreview.com/country-rankings/internet-speeds-by-country
FRA,107.91,broadbandSpeed,https://worldpopulationreview.com/country-rankings/internet-speeds-by-country
GAB,21.87,broadbandSpeed,https://worldpopulationreview.com/country-rankings/internet-speeds-by-country
GMB,8.69,broadbandSpeed,https://worldpopulationreview.com/country-rankings/internet-speeds-by-country
GEO,25.45,broadbandSpeed,https://worldpopulationreview.com/country-rankings/internet-speeds-by-country
DEU,73.23,broadbandSpeed,https://worldpopulationreview.com/country-rankings/internet-speeds-by-country
GHA,23.98,broadbandSpeed,https://worldpopulationreview.com/country-rankings/internet-speeds-by-country
GRC,22.71,broadbandSpeed,https://worldpopulationreview.com/country-rankings/internet-speeds-by-country
GRD,36.86,broadbandSpeed,https://worldpopulationreview.com/country-rankings/internet-speeds-by-country
GTM,10.7,broadbandSpeed,https://worldpopulationreview.com/country-rankings/internet-speeds-by-country
GUY,19.44,broadbandSpeed,https://worldpopulationreview.com/country-rankings/internet-speeds-by-country
HTI,10.35,broadbandSpeed,https://worldpopulationreview.com/country-rankings/internet-speeds-by-country
HND,11.82,broadbandSpeed,https://worldpopulationreview.com/country-rankings/internet-speeds-by-country
HKG,151.02,broadbandSpeed,https://worldpopulationreview.com/country-rankings/internet-speeds-by-country
HUN,114.39,broadbandSpeed,https://worldpopulationreview.com/country-rankings/internet-speeds-by-country
IND,30.74,broadbandSpeed,https://worldpopulationreview.com/country-rankings/internet-speeds-by-country
IDN,19.09,broadbandSpeed,https://worldpopulationreview.com/country-rankings/internet-speeds-by-country
IRN,13.12,broadbandSpeed,https://worldpopulationreview.com/country-rankings/internet-speeds-by-country
IRQ,18.82,broadbandSpeed,https://worldpopulationreview.com/country-rankings/internet-speeds-by-country
IRL,69.63,broadbandSpeed,https://worldpopulationreview.com/country-rankings/internet-speeds-by-country
ISR,76.68,broadbandSpeed,https://worldpopulationreview.com/country-rankings/internet-speeds-by-country
ITA,51.32,broadbandSpeed,https://worldpopulationreview.com/country-rankings/internet-speeds-by-country
CIV,14.78,broadbandSpeed,https://worldpopulationreview.com/country-rankings/internet-speeds-by-country
JAM,21.93,broadbandSpeed,https://worldpopulationreview.com/country-rankings/internet-speeds-by-country
JPN,101.65,broadbandSpeed,https://worldpopulationreview.com/country-rankings/internet-speeds-by-country
JOR,38,broadbandSpeed,https://worldpopulationreview.com/country-rankings/internet-speeds-by-country
KAZ,36.31,broadbandSpeed,https://worldpopulationreview.com/country-rankings/internet-speeds-by-country
KEN,15.05,broadbandSpeed,https://worldpopulationreview.com/country-rankings/internet-speeds-by-country
KWT,34.23,broadbandSpeed,https://worldpopulationreview.com/country-rankings/internet-speeds-by-country
KGZ,25.49,broadbandSpeed,https://worldpopulationreview.com/country-rankings/internet-speeds-by-country
LAO,19.27,broadbandSpeed,https://worldpopulationreview.com/country-rankings/internet-speeds-by-country
LVA,79.76,broadbandSpeed,https://worldpopulationreview.com/country-rankings/internet-speeds-by-country
LBN,7.11,broadbandSpeed,https://worldpopulationreview.com/country-rankings/internet-speeds-by-country
LBR,21.34,broadbandSpeed,https://worldpopulationreview.com/country-rankings/internet-speeds-by-country
LBY,10.09,broadbandSpeed,https://worldpopulationreview.com/country-rankings/internet-speeds-by-country
LIE,111.03,broadbandSpeed,https://worldpopulationreview.com/country-rankings/internet-speeds-by-country
LTU,86.93,broadbandSpeed,https://worldpopulationreview.com/country-rankings/internet-speeds-by-country
LUX,107,broadbandSpeed,https://worldpopulationreview.com/country-rankings/internet-speeds-by-country
MAC,114.43,broadbandSpeed,https://worldpopulationreview.com/country-rankings/internet-speeds-by-country
MKD,27.53,broadbandSpeed,https://worldpopulationreview.com/country-rankings/internet-speeds-by-country
MDG,32.07,broadbandSpeed,https://worldpopulationreview.com/country-rankings/internet-speeds-by-country
MWI,8.22,broadbandSpeed,https://worldpopulationreview.com/country-rankings/internet-speeds-by-country
MYS,71.52,broadbandSpeed,https://worldpopulationreview.com/country-rankings/internet-speeds-by-country
MDV,16.19,broadbandSpeed,https://worldpopulationreview.com/country-rankings/internet-speeds-by-country
MLI,10.99,broadbandSpeed,https://worldpopulationreview.com/country-rankings/internet-speeds-by-country
MLT,91.17,broadbandSpeed,https://worldpopulationreview.com/country-rankings/internet-speeds-by-country
MRT,5.27,broadbandSpeed,https://worldpopulationreview.com/country-rankings/internet-speeds-by-country
MUS,19.24,broadbandSpeed,https://worldpopulationreview.com/country-rankings/internet-speeds-by-country
MEX,31.31,broadbandSpeed,https://worldpopulationreview.com/country-rankings/internet-speeds-by-country
MDA,50.27,broadbandSpeed,https://worldpopulationreview.com/country-rankings/internet-speeds-by-country
MCO,125.69,broadbandSpeed,https://worldpopulationreview.com/country-rankings/internet-speeds-by-country
MNG,28.52,broadbandSpeed,https://worldpopulationreview.com/country-rankings/internet-speeds-by-country
MNE,29.36,broadbandSpeed,https://worldpopulationreview.com/country-rankings/internet-speeds-by-country
MAR,17.07,broadbandSpeed,https://worldpopulationreview.com/country-rankings/internet-speeds-by-country
MOZ,6.17,broadbandSpeed,https://worldpopulationreview.com/country-rankings/internet-speeds-by-country
MMR,16.84,broadbandSpeed,https://worldpopulationreview.com/country-rankings/internet-speeds-by-country
NAM,13.35,broadbandSpeed,https://worldpopulationreview.com/country-rankings/internet-speeds-by-country
NPL,20.38,broadbandSpeed,https://worldpopulationreview.com/country-rankings/internet-speeds-by-country
NLD,99.22,broadbandSpeed,https://worldpopulationreview.com/country-rankings/internet-speeds-by-country
NZL,96.97,broadbandSpeed,https://worldpopulationreview.com/country-rankings/internet-speeds-by-country
NIC,9.59,broadbandSpeed,https://worldpopulationreview.com/country-rankings/internet-speeds-by-country
NER,18.33,broadbandSpeed,https://worldpopulationreview.com/country-rankings/internet-speeds-by-country
NGA,11.17,broadbandSpeed,https://worldpopulationreview.com/country-rankings/internet-speeds-by-country
NOR,103.16,broadbandSpeed,https://worldpopulationreview.com/country-rankings/internet-speeds-by-country
OMN,22.91,broadbandSpeed,https://worldpopulationreview.com/country-rankings/internet-speeds-by-country
PAK,9.02,broadbandSpeed,https://worldpopulationreview.com/country-rankings/internet-speeds-by-country
PSE,13.82,broadbandSpeed,https://worldpopulationreview.com/country-rankings/internet-speeds-by-country
PAN,73.32,broadbandSpeed,https://worldpopulationreview.com/country-rankings/internet-speeds-by-country
PNG,8.64,broadbandSpeed,https://worldpopulationreview.com/country-rankings/internet-speeds-by-country
PRY,44.45,broadbandSpeed,https://worldpopulationreview.com/country-rankings/internet-speeds-by-country
PER,28.71,broadbandSpeed,https://worldpopulationreview.com/country-rankings/internet-speeds-by-country
PHL,23.6,broadbandSpeed,https://worldpopulationreview.com/country-rankings/internet-speeds-by-country
POL,76.56,broadbandSpeed,https://worldpopulationreview.com/country-rankings/internet-speeds-by-country
PRT,87.78,broadbandSpeed,https://worldpopulationreview.com/country-rankings/internet-speeds-by-country
QAT,65.12,broadbandSpeed,https://worldpopulationreview.com/country-rankings/internet-speeds-by-country
COG,16.56,broadbandSpeed,https://worldpopulationreview.com/country-rankings/internet-speeds-by-country
ROU,130.79,broadbandSpeed,https://worldpopulationreview.com/country-rankings/internet-speeds-by-country
RUS,53.73,broadbandSpeed,https://worldpopulationreview.com/country-rankings/internet-speeds-by-country
RWA,12.62,broadbandSpeed,https://worldpopulationreview.com/country-rankings/internet-speeds-by-country
KNA,23.58,broadbandSpeed,https://worldpopulationreview.com/country-rankings/internet-speeds-by-country
LCA,21.21,broadbandSpeed,https://worldpopulationreview.com/country-rankings/internet-speeds-by-country
VCT,39.41,broadbandSpeed,https://worldpopulationreview.com/country-rankings/internet-speeds-by-country
SMR,51.22,broadbandSpeed,https://worldpopulationreview.com/country-rankings/internet-speeds-by-country
SAU,41.84,broadbandSpeed,https://worldpopulationreview.com/country-rankings/internet-speeds-by-country
SEN,18.65,broadbandSpeed,https://worldpopulationreview.com/country-rankings/internet-speeds-by-country
SRB,45.98,broadbandSpeed,https://worldpopulationreview.com/country-rankings/internet-speeds-by-country
SYC,26.76,broadbandSpeed,https://worldpopulationreview.com/country-rankings/internet-speeds-by-country
SLE,9.28,broadbandSpeed,https://worldpopulationreview.com/country-rankings/internet-speeds-by-country
SGP,191.93,broadbandSpeed,https://worldpopulationreview.com/country-rankings/internet-speeds-by-country
SVK,56.49,broadbandSpeed,https://worldpopulationreview.com/country-rankings/internet-speeds-by-country
SVN,59.67,broadbandSpeed,https://worldpopulationreview.com/country-rankings/internet-speeds-by-country
SOM,11.14,broadbandSpeed,https://worldpopulationreview.com/country-rankings/internet-speeds-by-country
ZAF,23.17,broadbandSpeed,https://worldpopulationreview.com/country-rankings/internet-speeds-by-country
KOR,156.18,broadbandSpeed,https://worldpopulationreview.com/country-rankings/internet-speeds-by-country
ESP,106.76,broadbandSpeed,https://worldpopulationreview.com/country-rankings/internet-speeds-by-country
LKA,25.17,broadbandSpeed,https://worldpopulationreview.com/country-rankings/internet-speeds-by-country
SDN,6.09,broadbandSpeed,https://worldpopulationreview.com/country-rankings/internet-speeds-by-country
SUR,10.1,broadbandSpeed,https://worldpopulationreview.com/country-rankings/internet-speeds-by-country
SWZ,10.9,broadbandSpeed,https://worldpopulationreview.com/country-rankings/internet-speeds-by-country
SWE,109.99,broadbandSpeed,https://worldpopulationreview.com/country-rankings/internet-speeds-by-country
CHE,115.38,broadbandSpeed,https://worldpopulationreview.com/country-rankings/internet-speeds-by-country
SYR,8.41,broadbandSpeed,https://worldpopulationreview.com/country-rankings/internet-speeds-by-country
TWN,151.75,broadbandSpeed,https://worldpopulationreview.com/country-rankings/internet-speeds-by-country
TJK,18.81,broadbandSpeed,https://worldpopulationreview.com/country-rankings/internet-speeds-by-country
TZA,12.95,broadbandSpeed,https://worldpopulationreview.com/country-rankings/internet-speeds-by-country
THA,78.47,broadbandSpeed,https://worldpopulationreview.com/country-rankings/internet-speeds-by-country
TLS,6.09,broadbandSpeed,https://worldpopulationreview.com/country-rankings/internet-speeds-by-country
TGO,20.14,broadbandSpeed,https://worldpopulationreview.com/country-rankings/internet-speeds-by-country
TTO,47.74,broadbandSpeed,https://worldpopulationreview.com/country-rankings/internet-speeds-by-country
TUN,9.16,broadbandSpeed,https://worldpopulationreview.com/country-rankings/internet-speeds-by-country
TUR,22.07,broadbandSpeed,https://worldpopulationreview.com/country-rankings/internet-speeds-by-country
TKM,1.78,broadbandSpeed,https://worldpopulationreview.com/country-rankings/internet-speeds-by-country
UGA,16.01,broadbandSpeed,https://worldpopulationreview.com/country-rankings/internet-speeds-by-country
UKR,47.68,broadbandSpeed,https://worldpopulationreview.com/country-rankings/internet-speeds-by-country
ARE,83.74,broadbandSpeed,https://worldpopulationreview.com/country-rankings/internet-speeds-by-country
GBR,62.28,broadbandSpeed,https://worldpopulationreview.com/country-rankings/internet-speeds-by-country
USA,115.67,broadbandSpeed,https://worldpopulationreview.com/country-rankings/internet-speeds-by-country
URY,42.28,broadbandSpeed,https://worldpopulationreview.com/country-rankings/internet-speeds-by-country
UZB,18.92,broadbandSpeed,https://worldpopulationreview.com/country-rankings/internet-speeds-by-country
VUT,8.83,broadbandSpeed,https://worldpopulationreview.com/country-rankings/internet-speeds-by-country
VEN,3.61,broadbandSpeed,https://worldpopulationreview.com/country-rankings/internet-speeds-by-country
VNM,38.63,broadbandSpeed,https://worldpopulationreview.com/country-rankings/internet-speeds-by-country
ESH,13.69,broadbandSpeed,https://worldpopulationreview.com/country-rankings/internet-speeds-by-country
YEM,3.54,broadbandSpeed,https://worldpopulationreview.com/country-rankings/internet-speeds-by-country
ZMB,13.86,broadbandSpeed,https://worldpopulationreview.com/country-rankings/internet-speeds-by-country
ZWE,12.18,broadbandSpeed,https://worldpopulationreview.com/country-rankings/internet-speeds-by-country
AFG,NA,mobileSpeed2019_Mbps,OpenSignal 'State of mobile network experience'
ALB,21.4,mobileSpeed2019_Mbps,OpenSignal 'State of mobile network experience'
DZA,3.1,mobileSpeed2019_Mbps,OpenSignal 'State of mobile network experience'
AND,NA,mobileSpeed2019_Mbps,OpenSignal 'State of mobile network experience'
AGO,NA,mobileSpeed2019_Mbps,OpenSignal 'State of mobile network experience'
ATG,NA,mobileSpeed2019_Mbps,OpenSignal 'State of mobile network experience'
ARG,12.8,mobileSpeed2019_Mbps,OpenSignal 'State of mobile network experience'
ARM,NA,mobileSpeed2019_Mbps,OpenSignal 'State of mobile network experience'
AUS,37.4,mobileSpeed2019_Mbps,OpenSignal 'State of mobile network experience'
AUT,27.5,mobileSpeed2019_Mbps,OpenSignal 'State of mobile network experience'
AZE,13.4,mobileSpeed2019_Mbps,OpenSignal 'State of mobile network experience'
BHS,NA,mobileSpeed2019_Mbps,OpenSignal 'State of mobile network experience'
BHR,13.9,mobileSpeed2019_Mbps,OpenSignal 'State of mobile network experience'
BGD,5.7,mobileSpeed2019_Mbps,OpenSignal 'State of mobile network experience'
BRB,NA,mobileSpeed2019_Mbps,OpenSignal 'State of mobile network experience'
BLR,7.7,mobileSpeed2019_Mbps,OpenSignal 'State of mobile network experience'
BEL,34.2,mobileSpeed2019_Mbps,OpenSignal 'State of mobile network experience'
BLZ,NA,mobileSpeed2019_Mbps,OpenSignal 'State of mobile network experience'
BEN,NA,mobileSpeed2019_Mbps,OpenSignal 'State of mobile network experience'
BTN,NA,mobileSpeed2019_Mbps,OpenSignal 'State of mobile network experience'
BOL,12.5,mobileSpeed2019_Mbps,OpenSignal 'State of mobile network experience'
BIH,NA,mobileSpeed2019_Mbps,OpenSignal 'State of mobile network experience'
BWA,NA,mobileSpeed2019_Mbps,OpenSignal 'State of mobile network experience'
BRA,13,mobileSpeed2019_Mbps,OpenSignal 'State of mobile network experience'
BRN,NA,mobileSpeed2019_Mbps,OpenSignal 'State of mobile network experience'
BFA,NA,mobileSpeed2019_Mbps,OpenSignal 'State of mobile network experience'
BDI,NA,mobileSpeed2019_Mbps,OpenSignal 'State of mobile network experience'
KHM,5.6,mobileSpeed2019_Mbps,OpenSignal 'State of mobile network experience'
CMR,NA,mobileSpeed2019_Mbps,OpenSignal 'State of mobile network experience'
CAN,42.5,mobileSpeed2019_Mbps,OpenSignal 'State of mobile network experience'
CPV,NA,mobileSpeed2019_Mbps,OpenSignal 'State of mobile network experience'
CHL,12,mobileSpeed2019_Mbps,OpenSignal 'State of mobile network experience'
CHN,NA,mobileSpeed2019_Mbps,OpenSignal 'State of mobile network experience'
COL,10,mobileSpeed2019_Mbps,OpenSignal 'State of mobile network experience'
CRI,10.1,mobileSpeed2019_Mbps,OpenSignal 'State of mobile network experience'
HRV,26.7,mobileSpeed2019_Mbps,OpenSignal 'State of mobile network experience'
CUB,NA,mobileSpeed2019_Mbps,OpenSignal 'State of mobile network experience'
CYP,NA,mobileSpeed2019_Mbps,OpenSignal 'State of mobile network experience'
CZE,31.5,mobileSpeed2019_Mbps,OpenSignal 'State of mobile network experience'
DNK,34.6,mobileSpeed2019_Mbps,OpenSignal 'State of mobile network experience'
DJI,NA,mobileSpeed2019_Mbps,OpenSignal 'State of mobile network experience'
DMA,NA,mobileSpeed2019_Mbps,OpenSignal 'State of mobile network experience'
DOM,8.5,mobileSpeed2019_Mbps,OpenSignal 'State of mobile network experience'
COD,NA,mobileSpeed2019_Mbps,OpenSignal 'State of mobile network experience'
ECU,10.4,mobileSpeed2019_Mbps,OpenSignal 'State of mobile network experience'
EGY,8.6,mobileSpeed2019_Mbps,OpenSignal 'State of mobile network experience'
SLV,5.4,mobileSpeed2019_Mbps,OpenSignal 'State of mobile network experience'
EST,NA,mobileSpeed2019_Mbps,OpenSignal 'State of mobile network experience'
ETH,NA,mobileSpeed2019_Mbps,OpenSignal 'State of mobile network experience'
FJI,NA,mobileSpeed2019_Mbps,OpenSignal 'State of mobile network experience'
FIN,27,mobileSpeed2019_Mbps,OpenSignal 'State of mobile network experience'
FRA,25.2,mobileSpeed2019_Mbps,OpenSignal 'State of mobile network experience'
GAB,NA,mobileSpeed2019_Mbps,OpenSignal 'State of mobile network experience'
GMB,NA,mobileSpeed2019_Mbps,OpenSignal 'State of mobile network experience'
GEO,NA,mobileSpeed2019_Mbps,OpenSignal 'State of mobile network experience'
DEU,22.6,mobileSpeed2019_Mbps,OpenSignal 'State of mobile network experience'
GHA,5.1,mobileSpeed2019_Mbps,OpenSignal 'State of mobile network experience'
GRC,23.8,mobileSpeed2019_Mbps,OpenSignal 'State of mobile network experience'
GRD,NA,mobileSpeed2019_Mbps,OpenSignal 'State of mobile network experience'
GTM,10.8,mobileSpeed2019_Mbps,OpenSignal 'State of mobile network experience'
GUY,NA,mobileSpeed2019_Mbps,OpenSignal 'State of mobile network experience'
HTI,NA,mobileSpeed2019_Mbps,OpenSignal 'State of mobile network experience'
HND,NA,mobileSpeed2019_Mbps,OpenSignal 'State of mobile network experience'
HKG,16.7,mobileSpeed2019_Mbps,OpenSignal 'State of mobile network experience'
HUN,32.7,mobileSpeed2019_Mbps,OpenSignal 'State of mobile network experience'
IND,6.8,mobileSpeed2019_Mbps,OpenSignal 'State of mobile network experience'
IDN,6.9,mobileSpeed2019_Mbps,OpenSignal 'State of mobile network experience'
IRN,NA,mobileSpeed2019_Mbps,OpenSignal 'State of mobile network experience'
IRQ,1.6,mobileSpeed2019_Mbps,OpenSignal 'State of mobile network experience'
IRL,16.2,mobileSpeed2019_Mbps,OpenSignal 'State of mobile network experience'
ISR,13.6,mobileSpeed2019_Mbps,OpenSignal 'State of mobile network experience'
ITA,19.9,mobileSpeed2019_Mbps,OpenSignal 'State of mobile network experience'
CIV,6.7,mobileSpeed2019_Mbps,OpenSignal 'State of mobile network experience'
JAM,NA,mobileSpeed2019_Mbps,OpenSignal 'State of mobile network experience'
JPN,33,mobileSpeed2019_Mbps,OpenSignal 'State of mobile network experience'
JOR,10.4,mobileSpeed2019_Mbps,OpenSignal 'State of mobile network experience'
KAZ,11.4,mobileSpeed2019_Mbps,OpenSignal 'State of mobile network experience'
KEN,10.1,mobileSpeed2019_Mbps,OpenSignal 'State of mobile network experience'
KWT,16.2,mobileSpeed2019_Mbps,OpenSignal 'State of mobile network experience'
KGZ,NA,mobileSpeed2019_Mbps,OpenSignal 'State of mobile network experience'
LAO,NA,mobileSpeed2019_Mbps,OpenSignal 'State of mobile network experience'
LVA,NA,mobileSpeed2019_Mbps,OpenSignal 'State of mobile network experience'
LBN,16.9,mobileSpeed2019_Mbps,OpenSignal 'State of mobile network experience'
LBR,NA,mobileSpeed2019_Mbps,OpenSignal 'State of mobile network experience'
LBY,NA,mobileSpeed2019_Mbps,OpenSignal 'State of mobile network experience'
LIE,NA,mobileSpeed2019_Mbps,OpenSignal 'State of mobile network experience'
LTU,NA,mobileSpeed2019_Mbps,OpenSignal 'State of mobile network experience'
LUX,NA,mobileSpeed2019_Mbps,OpenSignal 'State of mobile network experience'
MAC,NA,mobileSpeed2019_Mbps,OpenSignal 'State of mobile network experience'
MKD,NA,mobileSpeed2019_Mbps,OpenSignal 'State of mobile network experience'
MDG,NA,mobileSpeed2019_Mbps,OpenSignal 'State of mobile network experience'
MWI,NA,mobileSpeed2019_Mbps,OpenSignal 'State of mobile network experience'
MYS,11.5,mobileSpeed2019_Mbps,OpenSignal 'State of mobile network experience'
MDV,NA,mobileSpeed2019_Mbps,OpenSignal 'State of mobile network experience'
MLI,NA,mobileSpeed2019_Mbps,OpenSignal 'State of mobile network experience'
MLT,NA,mobileSpeed2019_Mbps,OpenSignal 'State of mobile network experience'
MRT,NA,mobileSpeed2019_Mbps,OpenSignal 'State of mobile network experience'
MUS,NA,mobileSpeed2019_Mbps,OpenSignal 'State of mobile network experience'
MEX,14.9,mobileSpeed2019_Mbps,OpenSignal 'State of mobile network experience'
MDA,NA,mobileSpeed2019_Mbps,OpenSignal 'State of mobile network experience'
MCO,NA,mobileSpeed2019_Mbps,OpenSignal 'State of mobile network experience'
MNG,NA,mobileSpeed2019_Mbps,OpenSignal 'State of mobile network experience'
MNE,NA,mobileSpeed2019_Mbps,OpenSignal 'State of mobile network experience'
MAR,11.2,mobileSpeed2019_Mbps,OpenSignal 'State of mobile network experience'
MOZ,NA,mobileSpeed2019_Mbps,OpenSignal 'State of mobile network experience'
MMR,16,mobileSpeed2019_Mbps,OpenSignal 'State of mobile network experience'
NAM,NA,mobileSpeed2019_Mbps,OpenSignal 'State of mobile network experience'
NPL,4.4,mobileSpeed2019_Mbps,OpenSignal 'State of mobile network experience'
NLD,42.4,mobileSpeed2019_Mbps,OpenSignal 'State of mobile network experience'
NZL,27.3,mobileSpeed2019_Mbps,OpenSignal 'State of mobile network experience'
NIC,NA,mobileSpeed2019_Mbps,OpenSignal 'State of mobile network experience'
NER,NA,mobileSpeed2019_Mbps,OpenSignal 'State of mobile network experience'
NGA,5.4,mobileSpeed2019_Mbps,OpenSignal 'State of mobile network experience'
NOR,48.2,mobileSpeed2019_Mbps,OpenSignal 'State of mobile network experience'
OMN,NA,mobileSpeed2019_Mbps,OpenSignal 'State of mobile network experience'
PAK,6.2,mobileSpeed2019_Mbps,OpenSignal 'State of mobile network experience'
PSE,NA,mobileSpeed2019_Mbps,OpenSignal 'State of mobile network experience'
PAN,7.2,mobileSpeed2019_Mbps,OpenSignal 'State of mobile network experience'
PNG,NA,mobileSpeed2019_Mbps,OpenSignal 'State of mobile network experience'
PRY,10.6,mobileSpeed2019_Mbps,OpenSignal 'State of mobile network experience'
PER,11.7,mobileSpeed2019_Mbps,OpenSignal 'State of mobile network experience'
PHL,7,mobileSpeed2019_Mbps,OpenSignal 'State of mobile network experience'
POL,17.3,mobileSpeed2019_Mbps,OpenSignal 'State of mobile network experience'
PRT,21.6,mobileSpeed2019_Mbps,OpenSignal 'State of mobile network experience'
QAT,24.6,mobileSpeed2019_Mbps,OpenSignal 'State of mobile network experience'
COG,NA,mobileSpeed2019_Mbps,OpenSignal 'State of mobile network experience'
ROU,20.6,mobileSpeed2019_Mbps,OpenSignal 'State of mobile network experience'
RUS,12,mobileSpeed2019_Mbps,OpenSignal 'State of mobile network experience'
RWA,NA,mobileSpeed2019_Mbps,OpenSignal 'State of mobile network experience'
KNA,NA,mobileSpeed2019_Mbps,OpenSignal 'State of mobile network experience'
LCA,NA,mobileSpeed2019_Mbps,OpenSignal 'State of mobile network experience'
VCT,NA,mobileSpeed2019_Mbps,OpenSignal 'State of mobile network experience'
SMR,NA,mobileSpeed2019_Mbps,OpenSignal 'State of mobile network experience'
SAU,13.6,mobileSpeed2019_Mbps,OpenSignal 'State of mobile network experience'
SEN,5.1,mobileSpeed2019_Mbps,OpenSignal 'State of mobile network experience'
SRB,21.5,mobileSpeed2019_Mbps,OpenSignal 'State of mobile network experience'
SYC,NA,mobileSpeed2019_Mbps,OpenSignal 'State of mobile network experience'
SLE,NA,mobileSpeed2019_Mbps,OpenSignal 'State of mobile network experience'
SGP,39.3,mobileSpeed2019_Mbps,OpenSignal 'State of mobile network experience'
SVK,23.3,mobileSpeed2019_Mbps,OpenSignal 'State of mobile network experience'
SVN,NA,mobileSpeed2019_Mbps,OpenSignal 'State of mobile network experience'
SOM,NA,mobileSpeed2019_Mbps,OpenSignal 'State of mobile network experience'
ZAF,15,mobileSpeed2019_Mbps,OpenSignal 'State of mobile network experience'
KOR,52.4,mobileSpeed2019_Mbps,OpenSignal 'State of mobile network experience'
ESP,24.8,mobileSpeed2019_Mbps,OpenSignal 'State of mobile network experience'
LKA,10.7,mobileSpeed2019_Mbps,OpenSignal 'State of mobile network experience'
SDN,NA,mobileSpeed2019_Mbps,OpenSignal 'State of mobile network experience'
SUR,NA,mobileSpeed2019_Mbps,OpenSignal 'State of mobile network experience'
SWZ,NA,mobileSpeed2019_Mbps,OpenSignal 'State of mobile network experience'
SWE,30.8,mobileSpeed2019_Mbps,OpenSignal 'State of mobile network experience'
CHE,35.2,mobileSpeed2019_Mbps,OpenSignal 'State of mobile network experience'
SYR,NA,mobileSpeed2019_Mbps,OpenSignal 'State of mobile network experience'
TWN,26.6,mobileSpeed2019_Mbps,OpenSignal 'State of mobile network experience'
TJK,NA,mobileSpeed2019_Mbps,OpenSignal 'State of mobile network experience'
TZA,NA,mobileSpeed2019_Mbps,OpenSignal 'State of mobile network experience'
THA,5.7,mobileSpeed2019_Mbps,OpenSignal 'State of mobile network experience'
TLS,NA,mobileSpeed2019_Mbps,OpenSignal 'State of mobile network experience'
TGO,NA,mobileSpeed2019_Mbps,OpenSignal 'State of mobile network experience'
TTO,NA,mobileSpeed2019_Mbps,OpenSignal 'State of mobile network experience'
TUN,13.4,mobileSpeed2019_Mbps,OpenSignal 'State of mobile network experience'
TUR,17.1,mobileSpeed2019_Mbps,OpenSignal 'State of mobile network experience'
TKM,NA,mobileSpeed2019_Mbps,OpenSignal 'State of mobile network experience'
UGA,NA,mobileSpeed2019_Mbps,OpenSignal 'State of mobile network experience'
UKR,11.2,mobileSpeed2019_Mbps,OpenSignal 'State of mobile network experience'
ARE,19.9,mobileSpeed2019_Mbps,OpenSignal 'State of mobile network experience'
GBR,21.7,mobileSpeed2019_Mbps,OpenSignal 'State of mobile network experience'
USA,21.3,mobileSpeed2019_Mbps,OpenSignal 'State of mobile network experience'
URY,NA,mobileSpeed2019_Mbps,OpenSignal 'State of mobile network experience'
UZB,5,mobileSpeed2019_Mbps,OpenSignal 'State of mobile network experience'
VUT,NA,mobileSpeed2019_Mbps,OpenSignal 'State of mobile network experience'
VEN,NA,mobileSpeed2019_Mbps,OpenSignal 'State of mobile network experience'
VNM,14.1,mobileSpeed2019_Mbps,OpenSignal 'State of mobile network experience'
ESH,NA,mobileSpeed2019_Mbps,OpenSignal 'State of mobile network experience'
YEM,NA,mobileSpeed2019_Mbps,OpenSignal 'State of mobile network experience'
ZMB,NA,mobileSpeed2019_Mbps,OpenSignal 'State of mobile network experience'
ZWE,NA,mobileSpeed2019_Mbps,OpenSignal 'State of mobile network experience'
AFG,7.86,mobileSpeed2020_Mbps,https://worldpopulationreview.com/country-rankings/internet-speeds-by-country
ALB,47.34,mobileSpeed2020_Mbps,https://worldpopulationreview.com/country-rankings/internet-speeds-by-country
DZA,7.23,mobileSpeed2020_Mbps,https://worldpopulationreview.com/country-rankings/internet-speeds-by-country
AND,NA,mobileSpeed2020_Mbps,https://worldpopulationreview.com/country-rankings/internet-speeds-by-country
AGO,20.8,mobileSpeed2020_Mbps,https://worldpopulationreview.com/country-rankings/internet-speeds-by-country
ATG,27.21,mobileSpeed2020_Mbps,https://worldpopulationreview.com/country-rankings/internet-speeds-by-country
ARG,21.49,mobileSpeed2020_Mbps,https://worldpopulationreview.com/country-rankings/internet-speeds-by-country
ARM,30.84,mobileSpeed2020_Mbps,https://worldpopulationreview.com/country-rankings/internet-speeds-by-country
AUS,63.34,mobileSpeed2020_Mbps,https://worldpopulationreview.com/country-rankings/internet-speeds-by-country
AUT,44.51,mobileSpeed2020_Mbps,https://worldpopulationreview.com/country-rankings/internet-speeds-by-country
AZE,29.58,mobileSpeed2020_Mbps,https://worldpopulationreview.com/country-rankings/internet-speeds-by-country
BHS,22.31,mobileSpeed2020_Mbps,https://worldpopulationreview.com/country-rankings/internet-speeds-by-country
BHR,29.45,mobileSpeed2020_Mbps,https://worldpopulationreview.com/country-rankings/internet-speeds-by-country
BGD,10.23,mobileSpeed2020_Mbps,https://worldpopulationreview.com/country-rankings/internet-speeds-by-country
BRB,NA,mobileSpeed2020_Mbps,https://worldpopulationreview.com/country-rankings/internet-speeds-by-country
BLR,14.1,mobileSpeed2020_Mbps,https://worldpopulationreview.com/country-rankings/internet-speeds-by-country
BEL,47.05,mobileSpeed2020_Mbps,https://worldpopulationreview.com/country-rankings/internet-speeds-by-country
BLZ,22.31,mobileSpeed2020_Mbps,https://worldpopulationreview.com/country-rankings/internet-speeds-by-country
BEN,NA,mobileSpeed2020_Mbps,https://worldpopulationreview.com/country-rankings/internet-speeds-by-country
BTN,NA,mobileSpeed2020_Mbps,https://worldpopulationreview.com/country-rankings/internet-speeds-by-country
BOL,17.14,mobileSpeed2020_Mbps,https://worldpopulationreview.com/country-rankings/internet-speeds-by-country
BIH,34.16,mobileSpeed2020_Mbps,https://worldpopulationreview.com/country-rankings/internet-speeds-by-country
BWA,NA,mobileSpeed2020_Mbps,https://worldpopulationreview.com/country-rankings/internet-speeds-by-country
BRA,23.05,mobileSpeed2020_Mbps,https://worldpopulationreview.com/country-rankings/internet-speeds-by-country
BRN,20.09,mobileSpeed2020_Mbps,https://worldpopulationreview.com/country-rankings/internet-speeds-by-country
BFA,8.34,mobileSpeed2020_Mbps,https://worldpopulationreview.com/country-rankings/internet-speeds-by-country
BDI,NA,mobileSpeed2020_Mbps,https://worldpopulationreview.com/country-rankings/internet-speeds-by-country
KHM,12.23,mobileSpeed2020_Mbps,https://worldpopulationreview.com/country-rankings/internet-speeds-by-country
CMR,12.75,mobileSpeed2020_Mbps,https://worldpopulationreview.com/country-rankings/internet-speeds-by-country
CAN,60.72,mobileSpeed2020_Mbps,https://worldpopulationreview.com/country-rankings/internet-speeds-by-country
CPV,10.36,mobileSpeed2020_Mbps,https://worldpopulationreview.com/country-rankings/internet-speeds-by-country
CHL,19.6,mobileSpeed2020_Mbps,https://worldpopulationreview.com/country-rankings/internet-speeds-by-country
CHN,36.34,mobileSpeed2020_Mbps,https://worldpopulationreview.com/country-rankings/internet-speeds-by-country
COL,17.15,mobileSpeed2020_Mbps,https://worldpopulationreview.com/country-rankings/internet-speeds-by-country
CRI,18.43,mobileSpeed2020_Mbps,https://worldpopulationreview.com/country-rankings/internet-speeds-by-country
HRV,45.31,mobileSpeed2020_Mbps,https://worldpopulationreview.com/country-rankings/internet-speeds-by-country
CUB,21.35,mobileSpeed2020_Mbps,https://worldpopulationreview.com/country-rankings/internet-speeds-by-country
CYP,38.25,mobileSpeed2020_Mbps,https://worldpopulationreview.com/country-rankings/internet-speeds-by-country
CZE,45.55,mobileSpeed2020_Mbps,https://worldpopulationreview.com/country-rankings/internet-speeds-by-country
DNK,42.75,mobileSpeed2020_Mbps,https://worldpopulationreview.com/country-rankings/internet-speeds-by-country
DJI,NA,mobileSpeed2020_Mbps,https://worldpopulationreview.com/country-rankings/internet-speeds-by-country
DMA,NA,mobileSpeed2020_Mbps,https://worldpopulationreview.com/country-rankings/internet-speeds-by-country
DOM,20.78,mobileSpeed2020_Mbps,https://worldpopulationreview.com/country-rankings/internet-speeds-by-country
COD,12.6,mobileSpeed2020_Mbps,https://worldpopulationreview.com/country-rankings/internet-speeds-by-country
ECU,20.74,mobileSpeed2020_Mbps,https://worldpopulationreview.com/country-rankings/internet-speeds-by-country
EGY,17.37,mobileSpeed2020_Mbps,https://worldpopulationreview.com/country-rankings/internet-speeds-by-country
SLV,10.46,mobileSpeed2020_Mbps,https://worldpopulationreview.com/country-rankings/internet-speeds-by-country
EST,42.62,mobileSpeed2020_Mbps,https://worldpopulationreview.com/country-rankings/internet-speeds-by-country
ETH,15.84,mobileSpeed2020_Mbps,https://worldpopulationreview.com/country-rankings/internet-speeds-by-country
FJI,27.9,mobileSpeed2020_Mbps,https://worldpopulationreview.com/country-rankings/internet-speeds-by-country
FIN,41.26,mobileSpeed2020_Mbps,https://worldpopulationreview.com/country-rankings/internet-speeds-by-country
FRA,44.53,mobileSpeed2020_Mbps,https://worldpopulationreview.com/country-rankings/internet-speeds-by-country
GAB,NA,mobileSpeed2020_Mbps,https://worldpopulationreview.com/country-rankings/internet-speeds-by-country
GMB,NA,mobileSpeed2020_Mbps,https://worldpopulationreview.com/country-rankings/internet-speeds-by-country
GEO,26.69,mobileSpeed2020_Mbps,https://worldpopulationreview.com/country-rankings/internet-speeds-by-country
DEU,33.32,mobileSpeed2020_Mbps,https://worldpopulationreview.com/country-rankings/internet-speeds-by-country
GHA,13.38,mobileSpeed2020_Mbps,https://worldpopulationreview.com/country-rankings/internet-speeds-by-country
GRC,40.71,mobileSpeed2020_Mbps,https://worldpopulationreview.com/country-rankings/internet-speeds-by-country
GRD,NA,mobileSpeed2020_Mbps,https://worldpopulationreview.com/country-rankings/internet-speeds-by-country
GTM,16.89,mobileSpeed2020_Mbps,https://worldpopulationreview.com/country-rankings/internet-speeds-by-country
GUY,NA,mobileSpeed2020_Mbps,https://worldpopulationreview.com/country-rankings/internet-speeds-by-country
HTI,12.73,mobileSpeed2020_Mbps,https://worldpopulationreview.com/country-rankings/internet-speeds-by-country
HND,22.58,mobileSpeed2020_Mbps,https://worldpopulationreview.com/country-rankings/internet-speeds-by-country
HKG,31.24,mobileSpeed2020_Mbps,https://worldpopulationreview.com/country-rankings/internet-speeds-by-country
HUN,38.63,mobileSpeed2020_Mbps,https://worldpopulationreview.com/country-rankings/internet-speeds-by-country
IND,10.63,mobileSpeed2020_Mbps,https://worldpopulationreview.com/country-rankings/internet-speeds-by-country
IDN,11.77,mobileSpeed2020_Mbps,https://worldpopulationreview.com/country-rankings/internet-speeds-by-country
IRN,27.66,mobileSpeed2020_Mbps,https://worldpopulationreview.com/country-rankings/internet-speeds-by-country
IRQ,6.59,mobileSpeed2020_Mbps,https://worldpopulationreview.com/country-rankings/internet-speeds-by-country
IRL,24.75,mobileSpeed2020_Mbps,https://worldpopulationreview.com/country-rankings/internet-speeds-by-country
ISR,23.54,mobileSpeed2020_Mbps,https://worldpopulationreview.com/country-rankings/internet-speeds-by-country
ITA,33.26,mobileSpeed2020_Mbps,https://worldpopulationreview.com/country-rankings/internet-speeds-by-country
CIV,20.28,mobileSpeed2020_Mbps,https://worldpopulationreview.com/country-rankings/internet-speeds-by-country
JAM,25.63,mobileSpeed2020_Mbps,https://worldpopulationreview.com/country-rankings/internet-speeds-by-country
JPN,30.48,mobileSpeed2020_Mbps,https://worldpopulationreview.com/country-rankings/internet-speeds-by-country
JOR,15.13,mobileSpeed2020_Mbps,https://worldpopulationreview.com/country-rankings/internet-speeds-by-country
KAZ,19.85,mobileSpeed2020_Mbps,https://worldpopulationreview.com/country-rankings/internet-speeds-by-country
KEN,15.88,mobileSpeed2020_Mbps,https://worldpopulationreview.com/country-rankings/internet-speeds-by-country
KWT,37.82,mobileSpeed2020_Mbps,https://worldpopulationreview.com/country-rankings/internet-speeds-by-country
KGZ,16.65,mobileSpeed2020_Mbps,https://worldpopulationreview.com/country-rankings/internet-speeds-by-country
LAO,27.18,mobileSpeed2020_Mbps,https://worldpopulationreview.com/country-rankings/internet-speeds-by-country
LVA,31.83,mobileSpeed2020_Mbps,https://worldpopulationreview.com/country-rankings/internet-speeds-by-country
LBN,35.49,mobileSpeed2020_Mbps,https://worldpopulationreview.com/country-rankings/internet-speeds-by-country
LBR,NA,mobileSpeed2020_Mbps,https://worldpopulationreview.com/country-rankings/internet-speeds-by-country
LBY,10.41,mobileSpeed2020_Mbps,https://worldpopulationreview.com/country-rankings/internet-speeds-by-country
LIE,NA,mobileSpeed2020_Mbps,https://worldpopulationreview.com/country-rankings/internet-speeds-by-country
LTU,44.96,mobileSpeed2020_Mbps,https://worldpopulationreview.com/country-rankings/internet-speeds-by-country
LUX,45.07,mobileSpeed2020_Mbps,https://worldpopulationreview.com/country-rankings/internet-speeds-by-country
MAC,29.2,mobileSpeed2020_Mbps,https://worldpopulationreview.com/country-rankings/internet-speeds-by-country
MKD,39.5,mobileSpeed2020_Mbps,https://worldpopulationreview.com/country-rankings/internet-speeds-by-country
MDG,NA,mobileSpeed2020_Mbps,https://worldpopulationreview.com/country-rankings/internet-speeds-by-country
MWI,NA,mobileSpeed2020_Mbps,https://worldpopulationreview.com/country-rankings/internet-speeds-by-country
MYS,21.29,mobileSpeed2020_Mbps,https://worldpopulationreview.com/country-rankings/internet-speeds-by-country
MDV,22.54,mobileSpeed2020_Mbps,https://worldpopulationreview.com/country-rankings/internet-speeds-by-country
MLI,33.21,mobileSpeed2020_Mbps,https://worldpopulationreview.com/country-rankings/internet-speeds-by-country
MLT,50.14,mobileSpeed2020_Mbps,https://worldpopulationreview.com/country-rankings/internet-speeds-by-country
MRT,NA,mobileSpeed2020_Mbps,https://worldpopulationreview.com/country-rankings/internet-speeds-by-country
MUS,21.52,mobileSpeed2020_Mbps,https://worldpopulationreview.com/country-rankings/internet-speeds-by-country
MEX,24.84,mobileSpeed2020_Mbps,https://worldpopulationreview.com/country-rankings/internet-speeds-by-country
MDA,34.32,mobileSpeed2020_Mbps,https://worldpopulationreview.com/country-rankings/internet-speeds-by-country
MCO,NA,mobileSpeed2020_Mbps,https://worldpopulationreview.com/country-rankings/internet-speeds-by-country
MNG,18.23,mobileSpeed2020_Mbps,https://worldpopulationreview.com/country-rankings/internet-speeds-by-country
MNE,34.44,mobileSpeed2020_Mbps,https://worldpopulationreview.com/country-rankings/internet-speeds-by-country
MAR,26.74,mobileSpeed2020_Mbps,https://worldpopulationreview.com/country-rankings/internet-speeds-by-country
MOZ,17.16,mobileSpeed2020_Mbps,https://worldpopulationreview.com/country-rankings/internet-speeds-by-country
MMR,23.77,mobileSpeed2020_Mbps,https://worldpopulationreview.com/country-rankings/internet-speeds-by-country
NAM,13.43,mobileSpeed2020_Mbps,https://worldpopulationreview.com/country-rankings/internet-speeds-by-country
NPL,10.7,mobileSpeed2020_Mbps,https://worldpopulationreview.com/country-rankings/internet-speeds-by-country
NLD,59.54,mobileSpeed2020_Mbps,https://worldpopulationreview.com/country-rankings/internet-speeds-by-country
NZL,46.26,mobileSpeed2020_Mbps,https://worldpopulationreview.com/country-rankings/internet-speeds-by-country
NIC,22.29,mobileSpeed2020_Mbps,https://worldpopulationreview.com/country-rankings/internet-speeds-by-country
NER,NA,mobileSpeed2020_Mbps,https://worldpopulationreview.com/country-rankings/internet-speeds-by-country
NGA,15.79,mobileSpeed2020_Mbps,https://worldpopulationreview.com/country-rankings/internet-speeds-by-country
NOR,60.9,mobileSpeed2020_Mbps,https://worldpopulationreview.com/country-rankings/internet-speeds-by-country
OMN,38.12,mobileSpeed2020_Mbps,https://worldpopulationreview.com/country-rankings/internet-speeds-by-country
PAK,13.55,mobileSpeed2020_Mbps,https://worldpopulationreview.com/country-rankings/internet-speeds-by-country
PSE,6.32,mobileSpeed2020_Mbps,https://worldpopulationreview.com/country-rankings/internet-speeds-by-country
PAN,12.68,mobileSpeed2020_Mbps,https://worldpopulationreview.com/country-rankings/internet-speeds-by-country
PNG,11.88,mobileSpeed2020_Mbps,https://worldpopulationreview.com/country-rankings/internet-speeds-by-country
PRY,14.96,mobileSpeed2020_Mbps,https://worldpopulationreview.com/country-rankings/internet-speeds-by-country
PER,23.35,mobileSpeed2020_Mbps,https://worldpopulationreview.com/country-rankings/internet-speeds-by-country
PHL,15.75,mobileSpeed2020_Mbps,https://worldpopulationreview.com/country-rankings/internet-speeds-by-country
POL,31.5,mobileSpeed2020_Mbps,https://worldpopulationreview.com/country-rankings/internet-speeds-by-country
PRT,32.04,mobileSpeed2020_Mbps,https://worldpopulationreview.com/country-rankings/internet-speeds-by-country
QAT,61.72,mobileSpeed2020_Mbps,https://worldpopulationreview.com/country-rankings/internet-speeds-by-country
COG,NA,mobileSpeed2020_Mbps,https://worldpopulationreview.com/country-rankings/internet-speeds-by-country
ROU,36.68,mobileSpeed2020_Mbps,https://worldpopulationreview.com/country-rankings/internet-speeds-by-country
RUS,20.47,mobileSpeed2020_Mbps,https://worldpopulationreview.com/country-rankings/internet-speeds-by-country
RWA,9.08,mobileSpeed2020_Mbps,https://worldpopulationreview.com/country-rankings/internet-speeds-by-country
KNA,NA,mobileSpeed2020_Mbps,https://worldpopulationreview.com/country-rankings/internet-speeds-by-country
LCA,NA,mobileSpeed2020_Mbps,https://worldpopulationreview.com/country-rankings/internet-speeds-by-country
VCT,NA,mobileSpeed2020_Mbps,https://worldpopulationreview.com/country-rankings/internet-speeds-by-country
SMR,NA,mobileSpeed2020_Mbps,https://worldpopulationreview.com/country-rankings/internet-speeds-by-country
SAU,42.34,mobileSpeed2020_Mbps,https://worldpopulationreview.com/country-rankings/internet-speeds-by-country
SEN,21,mobileSpeed2020_Mbps,https://worldpopulationreview.com/country-rankings/internet-speeds-by-country
SRB,42.15,mobileSpeed2020_Mbps,https://worldpopulationreview.com/country-rankings/internet-speeds-by-country
SYC,NA,mobileSpeed2020_Mbps,https://worldpopulationreview.com/country-rankings/internet-speeds-by-country
SLE,NA,mobileSpeed2020_Mbps,https://worldpopulationreview.com/country-rankings/internet-speeds-by-country
SGP,50.43,mobileSpeed2020_Mbps,https://worldpopulationreview.com/country-rankings/internet-speeds-by-country
SVK,32.26,mobileSpeed2020_Mbps,https://worldpopulationreview.com/country-rankings/internet-speeds-by-country
SVN,38.69,mobileSpeed2020_Mbps,https://worldpopulationreview.com/country-rankings/internet-speeds-by-country
SOM,9.09,mobileSpeed2020_Mbps,https://worldpopulationreview.com/country-rankings/internet-speeds-by-country
ZAF,30.34,mobileSpeed2020_Mbps,https://worldpopulationreview.com/country-rankings/internet-speeds-by-country
KOR,97.44,mobileSpeed2020_Mbps,https://worldpopulationreview.com/country-rankings/internet-speeds-by-country
ESP,32.85,mobileSpeed2020_Mbps,https://worldpopulationreview.com/country-rankings/internet-speeds-by-country
LKA,23.73,mobileSpeed2020_Mbps,https://worldpopulationreview.com/country-rankings/internet-speeds-by-country
SDN,10.77,mobileSpeed2020_Mbps,https://worldpopulationreview.com/country-rankings/internet-speeds-by-country
SUR,27.44,mobileSpeed2020_Mbps,https://worldpopulationreview.com/country-rankings/internet-speeds-by-country
SWZ,NA,mobileSpeed2020_Mbps,https://worldpopulationreview.com/country-rankings/internet-speeds-by-country
SWE,43.76,mobileSpeed2020_Mbps,https://worldpopulationreview.com/country-rankings/internet-speeds-by-country
CHE,54.42,mobileSpeed2020_Mbps,https://worldpopulationreview.com/country-rankings/internet-speeds-by-country
SYR,20.77,mobileSpeed2020_Mbps,https://worldpopulationreview.com/country-rankings/internet-speeds-by-country
TWN,43.66,mobileSpeed2020_Mbps,https://worldpopulationreview.com/country-rankings/internet-speeds-by-country
TJK,10.61,mobileSpeed2020_Mbps,https://worldpopulationreview.com/country-rankings/internet-speeds-by-country
TZA,11.72,mobileSpeed2020_Mbps,https://worldpopulationreview.com/country-rankings/internet-speeds-by-country
THA,20.18,mobileSpeed2020_Mbps,https://worldpopulationreview.com/country-rankings/internet-speeds-by-country
TLS,NA,mobileSpeed2020_Mbps,https://worldpopulationreview.com/country-rankings/internet-speeds-by-country
TGO,NA,mobileSpeed2020_Mbps,https://worldpopulationreview.com/country-rankings/internet-speeds-by-country
TTO,15.87,mobileSpeed2020_Mbps,https://worldpopulationreview.com/country-rankings/internet-speeds-by-country
TUN,23.98,mobileSpeed2020_Mbps,https://worldpopulationreview.com/country-rankings/internet-speeds-by-country
TUR,35.82,mobileSpeed2020_Mbps,https://worldpopulationreview.com/country-rankings/internet-speeds-by-country
TKM,NA,mobileSpeed2020_Mbps,https://worldpopulationreview.com/country-rankings/internet-speeds-by-country
UGA,13.19,mobileSpeed2020_Mbps,https://worldpopulationreview.com/country-rankings/internet-speeds-by-country
UKR,20.49,mobileSpeed2020_Mbps,https://worldpopulationreview.com/country-rankings/internet-speeds-by-country
ARE,61.24,mobileSpeed2020_Mbps,https://worldpopulationreview.com/country-rankings/internet-speeds-by-country
GBR,31.33,mobileSpeed2020_Mbps,https://worldpopulationreview.com/country-rankings/internet-speeds-by-country
USA,34.76,mobileSpeed2020_Mbps,https://worldpopulationreview.com/country-rankings/internet-speeds-by-country
URY,27.9,mobileSpeed2020_Mbps,https://worldpopulationreview.com/country-rankings/internet-speeds-by-country
UZB,9.77,mobileSpeed2020_Mbps,https://worldpopulationreview.com/country-rankings/internet-speeds-by-country
VUT,NA,mobileSpeed2020_Mbps,https://worldpopulationreview.com/country-rankings/internet-speeds-by-country
VEN,6.79,mobileSpeed2020_Mbps,https://worldpopulationreview.com/country-rankings/internet-speeds-by-country
VNM,24.6,mobileSpeed2020_Mbps,https://worldpopulationreview.com/country-rankings/internet-speeds-by-country
ESH,NA,mobileSpeed2020_Mbps,https://worldpopulationreview.com/country-rankings/internet-speeds-by-country
YEM,NA,mobileSpeed2020_Mbps,https://worldpopulationreview.com/country-rankings/internet-speeds-by-country
ZMB,14.01,mobileSpeed2020_Mbps,https://worldpopulationreview.com/country-rankings/internet-speeds-by-country
ZWE,14.74,mobileSpeed2020_Mbps,https://worldpopulationreview.com/country-rankings/internet-speeds-by-country